{
  "MainToolbar": [
    {
      "label": "DF95 \u2013 Explode AutoBus",
      "script": "Scripts/IFLS/DF95/Core/DF95_Explode_AutoBus.lua"
    },
    {
      "label": "DF95 \u2013 FX Bus",
      "script": "Scripts/IFLS/DF95/Core/DF95_FXBus_Selector.lua"
    },
    {
      "label": "DF95 \u2013 Coloring",
      "script": "Scripts/IFLS/DF95/Core/DF95_ColoringBus_Selector.lua"
    },
    {
      "label": "DF95 \u2013 Master Bus",
      "script": "Scripts/IFLS/DF95/Core/DF95_MasterBus_Selector.lua"
    }
  ],
  "CoToolbar": [
    {
      "label": "DF95 \u2013 Slicing",
      "script": "Scripts/IFLS/DF95/Design/DF95_Slice_Menu.lua"
    },
    {
      "label": "DF95 \u2013 Humanize (Dropdown)",
      "script": "Scripts/IFLS/DF95/Design/DF95_Menu_Humanize_Dropdown.lua"
    },
    {
      "label": "DF95 \u2013 FX Seed (Randomize)",
      "script": "Scripts/IFLS/DF95/Design/DF95_FXBus_Seed.lua"
    },
    {
      "label": "DF95 \u2013 Loop / Rhythm Builder",
      "script": "Scripts/IFLS/DF95/Design/DF95_LoopBuilder.lua"
    }
  ],
  "MicToolbar": [
    {
      "label": "DF95 \u2013 Mic FX",
      "script": "Scripts/IFLS/DF95/Input/DF95_MicFX_Manager.lua"
    },
    {
      "label": "DF95 \u2013 GainMatch A/B",
      "script": "Scripts/IFLS/DF95/Input/DF95_GainMatch_AB.lua"
    },
    {
      "label": "DF95 \u2013 LUFS Meter / AutoTarget",
      "script": "Scripts/IFLS/DF95/Input/DF95_LUFS_AutoTarget.lua"
    }
  ],
  "EditToolbar": [
    {
      "label": "DF95 \u2013 Slice (Direct)",
      "script": "Scripts/IFLS/DF95/Edit/DF95_Slice_Direct.lua"
    },
    {
      "label": "DF95 \u2013 Align / Rearrange",
      "script": "Scripts/IFLS/DF95/Edit/DF95_Rearrange_Align.lua"
    },
    {
      "label": "DF95 \u2013 Fades & Timing Helper",
      "script": "Scripts/IFLS/DF95/Edit/DF95_Fades_Timing_Helper.lua"
    }
  ],
  "QAToolbar": [
    {
      "label": "DF95 \u2013 Validator 2.0",
      "script": "Scripts/IFLS/DF95/QA/DF95_Validator_2_0.lua"
    },
    {
      "label": "DF95 \u2013 Safety / Loudness",
      "script": "Scripts/IFLS/DF95/QA/DF95_Safety_Loudness_Menu.lua"
    },
    {
      "label": "DF95 \u2013 LiveCheck",
      "script": "Scripts/IFLS/DF95/QA/DF95_FirstRun_LiveCheck.lua"
    },
    {
      "label": "DF95 \u2013 Master Snapshot",
      "script": "Scripts/IFLS/DF95/QA/DF95_Master_Snapshot.lua"
    }
  ]
}