{
  "Autechre": {
    "tilt_db_per_oct": 0.2,
    "low_shelf_db": -0.5,
    "drive_push": 0.06
  },
  "AphexTwin": {
    "tilt_db_per_oct": 0.1,
    "low_shelf_db": -0.2,
    "drive_push": 0.05
  },
  "BoardsOfCanada": {
    "tilt_db_per_oct": -0.15,
    "low_shelf_db": 0.2,
    "drive_push": 0.03
  },
  "Squarepusher": {
    "tilt_db_per_oct": 0.25,
    "low_shelf_db": -0.4,
    "drive_push": 0.07
  },
  "\u03bc-Ziq": {
    "tilt_db_per_oct": 0.15,
    "low_shelf_db": -0.2,
    "drive_push": 0.05
  },
  "Plaid": {
    "tilt_db_per_oct": 0.05,
    "low_shelf_db": -0.1,
    "drive_push": 0.03
  },
  "Arovane": {
    "tilt_db_per_oct": -0.05,
    "low_shelf_db": 0.1,
    "drive_push": 0.02
  },
  "Moderat": {
    "tilt_db_per_oct": 0.1,
    "low_shelf_db": -0.2,
    "drive_push": 0.04
  },
  "FourTet": {
    "tilt_db_per_oct": -0.1,
    "low_shelf_db": 0.15,
    "drive_push": 0.03
  },
  "JanJelinek": {
    "tilt_db_per_oct": -0.2,
    "low_shelf_db": 0.25,
    "drive_push": 0.02
  },
  "MouseOnMars": {
    "tilt_db_per_oct": 0.15,
    "low_shelf_db": -0.2,
    "drive_push": 0.05
  },
  "Bola": {
    "tilt_db_per_oct": -0.05,
    "low_shelf_db": 0.2,
    "drive_push": 0.03
  },
  "Proem": {
    "tilt_db_per_oct": 0.0,
    "low_shelf_db": 0.0,
    "drive_push": 0.03
  },
  "BogdanRaczynski": {
    "tilt_db_per_oct": 0.25,
    "low_shelf_db": -0.3,
    "drive_push": 0.06
  },
  "Autechre_FM_Metal": {
    "tilt_db_per_oct": 0.3,
    "low_shelf_db": -0.6,
    "drive_push": 0.08
  },
  "Aphex_Drukqs_Perc": {
    "tilt_db_per_oct": 0.2,
    "low_shelf_db": -0.3,
    "drive_push": 0.07
  },
  "BoC_SunnyTape": {
    "tilt_db_per_oct": -0.25,
    "low_shelf_db": 0.4,
    "drive_push": 0.03
  },
  "Squarepusher_JazzBass": {
    "tilt_db_per_oct": 0.15,
    "low_shelf_db": -0.2,
    "drive_push": 0.05
  },
  "Moderat_Cinema": {
    "tilt_db_per_oct": -0.05,
    "low_shelf_db": 0.1,
    "drive_push": 0.03
  }
}