{
  "weights": {
    "artist:autechre": 5,
    "artist:aphex": 4,
    "artist:boc": 4,
    "artist:squarepusher": 4,
    "artist:plaid": 3,
    "artist:moderat": 3,
    "artist:apparat": 3,
    "artist:arovane": 3,
    "artist:proem": 3,
    "artist:muziq": 3,
    "artist:bola": 2,
    "artist:mouseonmars": 3,
    "artist:janjelinek": 2,
    "artist:fourtet": 3,
    "style:idm": 3,
    "style:glitch": 4,
    "style:granular": 4,
    "style:euclid": 3,
    "color:warm": 1,
    "color:clean": 1,
    "color:tape": 2
  },
  "random_profile": {
    "musical": 0.8,
    "gritty": 0.15,
    "extreme": 0.05
  }
}