{
  "version": 1,
  "defaults": {
    "kick_engine": "auto",
    "perc_density": "medium",
    "ghost_notes": true
  },
  "artists": {
    "autechre": {
      "kick_engine": "chowkick",
      "perc_density": "high",
      "ghost_notes": true
    },
    "aphex_twin": {
      "kick_engine": "chowkick",
      "perc_density": "medium_high",
      "ghost_notes": true
    },
    "boards_of_canada": {
      "kick_engine": "b2",
      "perc_density": "medium",
      "ghost_notes": true
    },
    "venetian_snares": {
      "kick_engine": "chowkick",
      "perc_density": "high",
      "ghost_notes": true
    },
    "burial": {
      "kick_engine": "b2",
      "perc_density": "medium",
      "ghost_notes": true
    },
    "four_tet": {
      "kick_engine": "auto",
      "perc_density": "medium",
      "ghost_notes": true
    },
    "amon_tobin": {
      "kick_engine": "chowkick",
      "perc_density": "medium_high",
      "ghost_notes": true
    },
    "mu_ziq": {
      "kick_engine": "chowkick",
      "perc_density": "medium_high",
      "ghost_notes": true
    },
    "squarepusher": {
      "kick_engine": "chowkick",
      "perc_density": "high",
      "ghost_notes": true
    },
    "moderat": {
      "kick_engine": "auto",
      "perc_density": "medium",
      "ghost_notes": true
    },
    "apparat": {
      "kick_engine": "auto",
      "perc_density": "medium",
      "ghost_notes": true
    },
    "matmos": {
      "kick_engine": "chowkick",
      "perc_density": "medium_high",
      "ghost_notes": true
    },
    "flying_lotus": {
      "kick_engine": "chowkick",
      "perc_density": "medium_high",
      "ghost_notes": true
    },
    "arovane": {
      "kick_engine": "chowkick",
      "perc_density": "medium_high",
      "ghost_notes": true
    },
    "proem": {
      "kick_engine": "chowkick",
      "perc_density": "medium_high",
      "ghost_notes": true
    },
    "telefon_tel_aviv": {
      "kick_engine": "auto",
      "perc_density": "medium",
      "ghost_notes": true
    },
    "styrofoam": {
      "kick_engine": "b2",
      "perc_density": "medium",
      "ghost_notes": true
    },
    "jega": {
      "kick_engine": "chowkick",
      "perc_density": "high",
      "ghost_notes": true
    },
    "monoceros": {
      "kick_engine": "b2",
      "perc_density": "medium",
      "ghost_notes": true
    },
    "clark": {
      "kick_engine": "auto",
      "perc_density": "medium",
      "ghost_notes": true
    },
    "ben_frost": {
      "kick_engine": "b2",
      "perc_density": "medium",
      "ghost_notes": true
    },
    "tim_hecker": {
      "kick_engine": "b2",
      "perc_density": "medium",
      "ghost_notes": true
    },
    "mouse_on_mars": {
      "kick_engine": "chowkick",
      "perc_density": "high",
      "ghost_notes": true
    }
  }
}