{
  "version": "8.2.1-inspired-minimal",
  "notes": "Minimal but richer UCS defaults for DF95 Export. Not a full UCS database; extend as needed.",
  "defaults": {
    "creator_id": "DF95",
    "source_mode": "project",
    "default_source_id": "DF95_IDM",
    "use_artist_as_creator": true
  },
  "examples": [
    {
      "catid": "DRMElct",
      "category": "DRUMS",
      "subcategory": "Electronic",
      "description": "Electronic / IDM drum loops"
    },
    {
      "catid": "DRMAcst",
      "category": "DRUMS",
      "subcategory": "Acoustic",
      "description": "Acoustic drum loops"
    },
    {
      "catid": "DRMKit",
      "category": "DRUMS",
      "subcategory": "Kit",
      "description": "One-shot drum kit sounds"
    },
    {
      "catid": "PERCGen",
      "category": "PERCUSSION",
      "subcategory": "General",
      "description": "General percussion"
    },
    {
      "catid": "PERCClap",
      "category": "PERCUSSION",
      "subcategory": "Clap",
      "description": "Claps & snaps"
    },
    {
      "catid": "SYNPad",
      "category": "SYNTH",
      "subcategory": "Pad",
      "description": "Atmospheric synth pads"
    },
    {
      "catid": "SYNLd",
      "category": "SYNTH",
      "subcategory": "Lead",
      "description": "Lead synths"
    },
    {
      "catid": "SYNSeq",
      "category": "SYNTH",
      "subcategory": "Seq",
      "description": "Sequenced synth patterns"
    },
    {
      "catid": "SYNBass",
      "category": "SYNTH",
      "subcategory": "Bass",
      "description": "Synth bass"
    },
    {
      "catid": "AMBRoom",
      "category": "AMBIENCE",
      "subcategory": "Roomtone",
      "description": "Room ambiences / textures"
    },
    {
      "catid": "AMBStrt",
      "category": "AMBIENCE",
      "subcategory": "Street",
      "description": "Urban / street ambiences"
    },
    {
      "catid": "TXTRNois",
      "category": "TEXTURE",
      "subcategory": "Noise",
      "description": "Noisy textures / washes"
    },
    {
      "catid": "SFXGlit",
      "category": "SFX",
      "subcategory": "Glitch",
      "description": "Glitch & stutter FX"
    },
    {
      "catid": "SFXRise",
      "category": "SFX",
      "subcategory": "Riser",
      "description": "Risers & build-ups"
    },
    {
      "catid": "SFXFall",
      "category": "SFX",
      "subcategory": "Downer",
      "description": "Downers & falls"
    },
    {
      "catid": "SFXHit",
      "category": "SFX",
      "subcategory": "Hit",
      "description": "Impacts & hits"
    },
    {
      "catid": "LOOPMel",
      "category": "LOOPS",
      "subcategory": "Melodic",
      "description": "Melodic loops"
    },
    {
      "catid": "LOOPArp",
      "category": "LOOPS",
      "subcategory": "Arp",
      "description": "Arpeggiated loops"
    },
    {
      "catid": "LOOPGtr",
      "category": "LOOPS",
      "subcategory": "Guitar",
      "description": "Guitar loops"
    },
    {
      "catid": "VOXHook",
      "category": "VOCAL",
      "subcategory": "Hook",
      "description": "Vocal hooks / phrases"
    },
    {
      "catid": "VOXFX",
      "category": "VOCAL",
      "subcategory": "FX",
      "description": "Processed vocal FX"
    }
  ]
}