{
  "DF95 \u2013 Explode AutoBus": "Aufsplittung + Auto-Routing (FX/Coloring/Master).",
  "DF95 \u2013 FX Bus": "IDM/Glitch/Granular-Ketten ausw\u00e4hlen.",
  "DF95 \u2013 Coloring": "Tonal Shaping (Tape/Sat/Console/AO/AW).",
  "DF95 \u2013 Master Bus": "Limiter/Glue/Final Stage.",
  "DF95 \u2013 Slicing": "Slice-Presets (IDM, Euclid, Artist).",
  "DF95 \u2013 Humanize (Dropdown)": "Artist/Style-Profil, Swing & Micro-Jitter.",
  "DF95 \u2013 FX Seed (Randomize)": "Zufallsparameter (Seed-Persistenz).",
  "DF95 \u2013 Loop / Rhythm Builder": "Pattern-Chains & Loop-Generator.",
  "DF95 \u2013 LUFS Meter / AutoTarget": "Auto-Loudness-Ziel (JSFX/SWS).",
  "DF95 \u2013 Validator 2.0": "Pfad-/FX-/Menu-Check + Report."
}