{
  "version": 1,
  "defaults": {
    "warp_strength": 0.4,
    "time_stretch_mode": "elastique_pro",
    "microtiming_bias": "subtle"
  },
  "artists": {
    "autechre": {
      "warp_strength": 0.8,
      "time_stretch_mode": "elastique_pro",
      "microtiming_bias": "aggressive"
    },
    "aphex_twin": {
      "warp_strength": 0.6,
      "time_stretch_mode": "elastique_pro",
      "microtiming_bias": "expressive"
    },
    "boards_of_canada": {
      "warp_strength": 0.5,
      "time_stretch_mode": "elastique_pro",
      "microtiming_bias": "loose"
    },
    "venetian_snares": {
      "warp_strength": 0.8,
      "time_stretch_mode": "elastique_pro",
      "microtiming_bias": "aggressive"
    },
    "burial": {
      "warp_strength": 0.5,
      "time_stretch_mode": "elastique_pro",
      "microtiming_bias": "loose"
    },
    "four_tet": {
      "warp_strength": 0.4,
      "time_stretch_mode": "elastique_pro",
      "microtiming_bias": "groovy"
    },
    "amon_tobin": {
      "warp_strength": 0.6,
      "time_stretch_mode": "elastique_pro",
      "microtiming_bias": "expressive"
    },
    "mu_ziq": {
      "warp_strength": 0.6,
      "time_stretch_mode": "elastique_pro",
      "microtiming_bias": "expressive"
    },
    "squarepusher": {
      "warp_strength": 0.8,
      "time_stretch_mode": "elastique_pro",
      "microtiming_bias": "aggressive"
    },
    "moderat": {
      "warp_strength": 0.4,
      "time_stretch_mode": "elastique_pro",
      "microtiming_bias": "groovy"
    },
    "apparat": {
      "warp_strength": 0.4,
      "time_stretch_mode": "elastique_pro",
      "microtiming_bias": "groovy"
    },
    "matmos": {
      "warp_strength": 0.6,
      "time_stretch_mode": "elastique_pro",
      "microtiming_bias": "expressive"
    },
    "flying_lotus": {
      "warp_strength": 0.6,
      "time_stretch_mode": "elastique_pro",
      "microtiming_bias": "expressive"
    },
    "arovane": {
      "warp_strength": 0.6,
      "time_stretch_mode": "elastique_pro",
      "microtiming_bias": "expressive"
    },
    "proem": {
      "warp_strength": 0.6,
      "time_stretch_mode": "elastique_pro",
      "microtiming_bias": "expressive"
    },
    "telefon_tel_aviv": {
      "warp_strength": 0.4,
      "time_stretch_mode": "elastique_pro",
      "microtiming_bias": "groovy"
    },
    "styrofoam": {
      "warp_strength": 0.5,
      "time_stretch_mode": "elastique_pro",
      "microtiming_bias": "loose"
    },
    "jega": {
      "warp_strength": 0.8,
      "time_stretch_mode": "elastique_pro",
      "microtiming_bias": "aggressive"
    },
    "monoceros": {
      "warp_strength": 0.5,
      "time_stretch_mode": "elastique_pro",
      "microtiming_bias": "loose"
    },
    "clark": {
      "warp_strength": 0.4,
      "time_stretch_mode": "elastique_pro",
      "microtiming_bias": "groovy"
    },
    "ben_frost": {
      "warp_strength": 0.5,
      "time_stretch_mode": "elastique_pro",
      "microtiming_bias": "loose"
    },
    "tim_hecker": {
      "warp_strength": 0.5,
      "time_stretch_mode": "elastique_pro",
      "microtiming_bias": "loose"
    },
    "mouse_on_mars": {
      "warp_strength": 0.8,
      "time_stretch_mode": "elastique_pro",
      "microtiming_bias": "aggressive"
    }
  }
}