{
  "version": 1,
  "defaults": {
    "timing_ms": 8,
    "velocity_percent": 12,
    "swing_percent": 0
  },
  "artists": {
    "autechre": {
      "timing_ms": 4,
      "velocity_percent": 10,
      "swing_percent": 5
    },
    "aphex_twin": {
      "timing_ms": 6,
      "velocity_percent": 15,
      "swing_percent": 8
    },
    "boards_of_canada": {
      "timing_ms": 12,
      "velocity_percent": 18,
      "swing_percent": 10
    },
    "venetian_snares": {
      "timing_ms": 4,
      "velocity_percent": 10,
      "swing_percent": 5
    },
    "burial": {
      "timing_ms": 12,
      "velocity_percent": 18,
      "swing_percent": 10
    },
    "four_tet": {
      "timing_ms": 8,
      "velocity_percent": 14,
      "swing_percent": 12
    },
    "amon_tobin": {
      "timing_ms": 6,
      "velocity_percent": 15,
      "swing_percent": 8
    },
    "mu_ziq": {
      "timing_ms": 6,
      "velocity_percent": 15,
      "swing_percent": 8
    },
    "squarepusher": {
      "timing_ms": 4,
      "velocity_percent": 10,
      "swing_percent": 5
    },
    "moderat": {
      "timing_ms": 8,
      "velocity_percent": 14,
      "swing_percent": 12
    },
    "apparat": {
      "timing_ms": 8,
      "velocity_percent": 14,
      "swing_percent": 12
    },
    "matmos": {
      "timing_ms": 6,
      "velocity_percent": 15,
      "swing_percent": 8
    },
    "flying_lotus": {
      "timing_ms": 6,
      "velocity_percent": 15,
      "swing_percent": 8
    },
    "arovane": {
      "timing_ms": 6,
      "velocity_percent": 15,
      "swing_percent": 8
    },
    "proem": {
      "timing_ms": 6,
      "velocity_percent": 15,
      "swing_percent": 8
    },
    "telefon_tel_aviv": {
      "timing_ms": 8,
      "velocity_percent": 14,
      "swing_percent": 12
    },
    "styrofoam": {
      "timing_ms": 12,
      "velocity_percent": 18,
      "swing_percent": 10
    },
    "jega": {
      "timing_ms": 4,
      "velocity_percent": 10,
      "swing_percent": 5
    },
    "monoceros": {
      "timing_ms": 12,
      "velocity_percent": 18,
      "swing_percent": 10
    },
    "clark": {
      "timing_ms": 8,
      "velocity_percent": 14,
      "swing_percent": 12
    },
    "ben_frost": {
      "timing_ms": 12,
      "velocity_percent": 18,
      "swing_percent": 10
    },
    "tim_hecker": {
      "timing_ms": 12,
      "velocity_percent": 18,
      "swing_percent": 10
    },
    "mouse_on_mars": {
      "timing_ms": 4,
      "velocity_percent": 10,
      "swing_percent": 5
    }
  }
}