{
  "version": 1,
  "defaults": {
    "fxbus_primary": "DF95_FXBus_NeutralGlue",
    "fxbus_alt": "DF95_FXBus_KHs_ModularWeave"
  },
  "artists": {
    "autechre": {
      "fxbus_primary": "DF95_FXBus_GlitchSeq_DanaidesBread",
      "fxbus_alt": "DF95_FXBus_GranularIDM_RibsArgot"
    },
    "aphex_twin": {
      "fxbus_primary": "DF95_FXBus_GlitchSeq_DanaidesBread",
      "fxbus_alt": "DF95_FXBus_BufferChaos_FractureHysteresis"
    },
    "boards_of_canada": {
      "fxbus_primary": "DF95_FXBus_GranularClouds_EmergenceLag",
      "fxbus_alt": "DF95_FXBus_NeutralGlue"
    },
    "burial": {
      "fxbus_primary": "DF95_FXBus_BufferChaos_FractureHysteresis",
      "fxbus_alt": "DF95_FXBus_GranularClouds_EmergenceLag"
    },
    "flying_lotus": {
      "fxbus_primary": "DF95_FXBus_KHs_ModularWeave",
      "fxbus_alt": "DF95_FXBus_GranularIDM_RibsArgot"
    },
    "venetian_snares": {
      "fxbus_primary": "DF95_FXBus_GlitchSeq_DanaidesBread",
      "fxbus_alt": "DF95_FXBus_BufferChaos_FractureHysteresis"
    },
    "arovane": {
      "fxbus_primary": "DF95_FXBus_GranularClouds_EmergenceLag",
      "fxbus_alt": "DF95_FXBus_KHs_ModularWeave"
    },
    "amon_tobin": {
      "fxbus_primary": "DF95_FXBus_GranularIDM_RibsArgot",
      "fxbus_alt": "DF95_FXBus_BufferChaos_FractureHysteresis"
    },
    "matmos": {
      "fxbus_primary": "DF95_FXBus_BufferChaos_FractureHysteresis",
      "fxbus_alt": "DF95_FXBus_GranularIDM_RibsArgot"
    },
    "four_tet": {
      "fxbus_primary": "DF95_FXBus_KHs_ModularWeave",
      "fxbus_alt": "DF95_FXBus_NeutralGlue"
    },
    "moderat": {
      "fxbus_primary": "DF95_FXBus_KHs_ModularWeave",
      "fxbus_alt": "DF95_FXBus_GranularClouds_EmergenceLag"
    },
    "apparat": {
      "fxbus_primary": "DF95_FXBus_GranularClouds_EmergenceLag",
      "fxbus_alt": "DF95_FXBus_NeutralGlue"
    },
    "mu_ziq": {
      "fxbus_primary": "DF95_FXBus_GlitchSeq_DanaidesBread",
      "fxbus_alt": "DF95_FXBus_GranularIDM_RibsArgot"
    },
    "jega": {
      "fxbus_primary": "DF95_FXBus_GlitchSeq_DanaidesBread",
      "fxbus_alt": "DF95_FXBus_BufferChaos_FractureHysteresis"
    },
    "squarepusher": {
      "fxbus_primary": "DF95_FXBus_GlitchSeq_DanaidesBread",
      "fxbus_alt": "DF95_FXBus_GranularIDM_RibsArgot"
    },
    "mouse_on_mars": {
      "fxbus_primary": "DF95_FXBus_BufferChaos_FractureHysteresis",
      "fxbus_alt": "DF95_FXBus_KHs_ModularWeave"
    },
    "ben_frost": {
      "fxbus_primary": "DF95_FXBus_GranularClouds_EmergenceLag",
      "fxbus_alt": "DF95_FXBus_BufferChaos_FractureHysteresis"
    },
    "tim_hecker": {
      "fxbus_primary": "DF95_FXBus_GranularClouds_EmergenceLag",
      "fxbus_alt": "DF95_FXBus_NeutralGlue"
    },
    "telefon_tel_aviv": {
      "fxbus_primary": "DF95_FXBus_KHs_ModularWeave",
      "fxbus_alt": "DF95_FXBus_GranularClouds_EmergenceLag"
    },
    "styrofoam": {
      "fxbus_primary": "DF95_FXBus_NeutralGlue",
      "fxbus_alt": "DF95_FXBus_GranularClouds_EmergenceLag"
    },
    "proem": {
      "fxbus_primary": "DF95_FXBus_KHs_ModularWeave",
      "fxbus_alt": "DF95_FXBus_GranularIDM_RibsArgot"
    },
    "monoceros": {
      "fxbus_primary": "DF95_FXBus_GranularClouds_EmergenceLag",
      "fxbus_alt": "DF95_FXBus_KHs_ModularWeave"
    },
    "clark": {
      "fxbus_primary": "DF95_FXBus_KHs_ModularWeave",
      "fxbus_alt": "DF95_FXBus_BufferChaos_FractureHysteresis"
    }
  }
}
