{
  "defaults": {
    "filter_fx": "VST: ReaEQ (Cockos)",
    "mode": "lfo_sine",
    "depth": 0.4,
    "randomness": 0.1,
    "steps": 16,
    "cycles": 1,
    "param_hint": "Frequency"
  },
  "artists": {
    "autechre": {
      "filter_fx": "VST3: kHs Filter (Kilohearts)",
      "mode": "step_seq",
      "steps": 16,
      "depth": 0.9,
      "randomness": 0.7,
      "cycles": 2,
      "param_hint": "Cutoff"
    },
    "aphex_twin": {
      "filter_fx": "VST3: kHs Filter (Kilohearts)",
      "mode": "step_seq",
      "steps": 12,
      "depth": 0.8,
      "randomness": 0.5,
      "cycles": 2,
      "param_hint": "Cutoff"
    },
    "venetian_snares": {
      "filter_fx": "VST3: kHs Filter (Kilohearts)",
      "mode": "step_seq",
      "steps": 24,
      "depth": 1.0,
      "randomness": 0.9,
      "cycles": 4,
      "param_hint": "Cutoff"
    },
    "squarepusher": {
      "filter_fx": "VST3: kHs Filter (Kilohearts)",
      "mode": "step_seq",
      "steps": 16,
      "depth": 0.85,
      "randomness": 0.6,
      "cycles": 2,
      "param_hint": "Cutoff"
    },
    "mu_ziq": {
      "filter_fx": "VST3: kHs Filter (Kilohearts)",
      "mode": "step_seq",
      "steps": 16,
      "depth": 0.7,
      "randomness": 0.5,
      "cycles": 2,
      "param_hint": "Cutoff"
    },
    "boards_of_canada": {
      "filter_fx": "VST3: Smooth Operator (BABY Audio)",
      "mode": "lfo_sine",
      "steps": 64,
      "depth": 0.35,
      "randomness": 0.1,
      "cycles": 1,
      "param_hint": "Freq"
    },
    "arovane": {
      "filter_fx": "VST3: Smooth Operator (BABY Audio)",
      "mode": "random_walk",
      "steps": 48,
      "depth": 0.4,
      "randomness": 0.4,
      "cycles": 1,
      "param_hint": "Freq"
    },
    "apparat": {
      "filter_fx": "VST3: Smooth Operator (BABY Audio)",
      "mode": "lfo_sine",
      "steps": 48,
      "depth": 0.4,
      "randomness": 0.2,
      "cycles": 2,
      "param_hint": "Freq"
    },
    "amon_tobin": {
      "filter_fx": "VST3: kHs Filter (Kilohearts)",
      "mode": "random_walk",
      "steps": 32,
      "depth": 0.7,
      "randomness": 0.6,
      "cycles": 3,
      "param_hint": "Cutoff"
    },
    "burial": {
      "filter_fx": "VST3: Spaced Out (BABY Audio)",
      "mode": "random_walk",
      "steps": 64,
      "depth": 0.5,
      "randomness": 0.6,
      "cycles": 1,
      "param_hint": "Filter"
    },
    "ben_frost": {
      "filter_fx": "VST3: kHs Filter (Kilohearts)",
      "mode": "random_walk",
      "steps": 40,
      "depth": 0.8,
      "randomness": 0.7,
      "cycles": 2,
      "param_hint": "Cutoff"
    },
    "tim_hecker": {
      "filter_fx": "VST3: Smooth Operator (BABY Audio)",
      "mode": "lfo_sine",
      "steps": 80,
      "depth": 0.5,
      "randomness": 0.3,
      "cycles": 1,
      "param_hint": "Freq"
    },
    "four_tet": {
      "filter_fx": "VST3: kHs Filter (Kilohearts)",
      "mode": "lfo_sine",
      "steps": 32,
      "depth": 0.6,
      "randomness": 0.2,
      "cycles": 2,
      "param_hint": "Cutoff"
    },
    "flying_lotus": {
      "filter_fx": "VST3: kHs Filter (Kilohearts)",
      "mode": "random_walk",
      "steps": 32,
      "depth": 0.7,
      "randomness": 0.5,
      "cycles": 2,
      "param_hint": "Cutoff"
    },
    "moderat": {
      "filter_fx": "VST3: Smooth Operator (BABY Audio)",
      "mode": "lfo_sine",
      "steps": 48,
      "depth": 0.4,
      "randomness": 0.2,
      "cycles": 2,
      "param_hint": "Freq"
    },
    "telefon_tel_aviv": {
      "filter_fx": "VST3: Smooth Operator (BABY Audio)",
      "mode": "random_walk",
      "steps": 56,
      "depth": 0.4,
      "randomness": 0.4,
      "cycles": 2,
      "param_hint": "Freq"
    },
    "styrofoam": {
      "filter_fx": "VST: ReaEQ (Cockos)",
      "mode": "lfo_sine",
      "steps": 48,
      "depth": 0.5,
      "randomness": 0.2,
      "cycles": 2,
      "param_hint": "Frequency"
    },
    "proem": {
      "filter_fx": "VST: ReaEQ (Cockos)",
      "mode": "random_walk",
      "steps": 40,
      "depth": 0.5,
      "randomness": 0.5,
      "cycles": 2,
      "param_hint": "Frequency"
    }
  }
}