{
  "DF95 \u2013 Explode AutoBus": "Data/toolbar_icons/DF95/df95_explode_autobus.png",
  "DF95 \u2013 FX Bus": "Data/toolbar_icons/DF95/df95_fx_bus.png",
  "DF95 \u2013 Coloring": "Data/toolbar_icons/DF95/df95_coloring.png",
  "DF95 \u2013 Master Bus": "Data/toolbar_icons/DF95/df95_master_bus.png",
  "DF95 \u2013 Slicing": "Data/toolbar_icons/DF95/df95_slicing.png",
  "DF95 \u2013 Humanize (Dropdown)": "Data/toolbar_icons/DF95/df95_humanize_dropdown.png",
  "DF95 \u2013 FX Seed (Randomize)": "Data/toolbar_icons/DF95/df95_fx_seed_randomize.png",
  "DF95 \u2013 Loop / Rhythm Builder": "Data/toolbar_icons/DF95/df95_loop_rhythm_builder.png",
  "DF95 \u2013 Mic FX": "Data/toolbar_icons/DF95/df95_mic_fx.png",
  "DF95 \u2013 GainMatch A/B": "Data/toolbar_icons/DF95/df95_gainmatch_a_b.png",
  "DF95 \u2013 LUFS Meter / AutoTarget": "Data/toolbar_icons/DF95/df95_lufs_meter_autotarget.png",
  "DF95 \u2013 Slice (Direct)": "Data/toolbar_icons/DF95/df95_slice_direct.png",
  "DF95 \u2013 Align / Rearrange": "Data/toolbar_icons/DF95/df95_align_rearrange.png",
  "DF95 \u2013 Fades & Timing Helper": "Data/toolbar_icons/DF95/df95_fades_timing_helper.png",
  "DF95 \u2013 Validator 2.0": "Data/toolbar_icons/DF95/df95_validator_2_0.png",
  "DF95 \u2013 Safety / Loudness": "Data/toolbar_icons/DF95/df95_safety_loudness.png",
  "DF95 \u2013 LiveCheck": "Data/toolbar_icons/DF95/df95_livecheck.png",
  "DF95 \u2013 Master Snapshot": "Data/toolbar_icons/DF95/df95_master_snapshot.png"
}