{
  "default": {
    "shape": "linear",
    "len_in_ms": 5,
    "len_out_ms": 8
  },
  "categories": {
    "IDM/Glitch": {
      "shape": "fast",
      "len_in_ms": 2,
      "len_out_ms": 5
    },
    "Euclid": {
      "shape": "linear",
      "len_in_ms": 5,
      "len_out_ms": 5
    },
    "Artists": {
      "shape": "slow",
      "len_in_ms": 8,
      "len_out_ms": 12
    }
  },
  "presets": {
    "Autechre_Glitch": {
      "shape": "fast",
      "len_in_ms": 1.5,
      "len_out_ms": 4
    },
    "Aphex_Drukqs_Perc": {
      "shape": "fast",
      "len_in_ms": 2,
      "len_out_ms": 4
    },
    "BoC_SunnyTape": {
      "shape": "slow",
      "len_in_ms": 10,
      "len_out_ms": 16
    },
    "\u03bc-Ziq_Bounce": {
      "shape": "linear",
      "len_in_ms": 3,
      "len_out_ms": 6
    }
  }
}