{
  "version": "DF95_V31_IconAssignment_v1",
  "theme": "DF95_v2/dark",
  "source_repo": "DF95_V30_Repo_ExportSystem_KitWizard_AutoTag_NameEngine_C2ExportAware_FromKitMeta_PerRole_ACExportTab_ExportWizardV4_Integrated_Final.zip",
  "assignments": [
    {
      "menu_file": "Menus/DF95_MainToolbar_FlowErgo_Pro.ReaperMenuSet",
      "label": "DF95 – Explode AutoBus",
      "script": "Scripts/IFLS/DF95/DF95_Explode_AutoBus.lua",
      "icon_base": "routing_explode",
      "icon_file_dark": "Data/toolbar_icons/DF95_v2/dark/routing_explode.png"
    },
    {
      "menu_file": "Menus/DF95_MainToolbar_FlowErgo_Pro.ReaperMenuSet",
      "label": "DF95 – FX Bus",
      "script": "Scripts/IFLS/DF95/DF95_FXBus_Selector.lua",
      "icon_base": "fxbus",
      "icon_file_dark": "Data/toolbar_icons/DF95_v2/dark/fxbus.png"
    },
    {
      "menu_file": "Menus/DF95_MainToolbar_FlowErgo_Pro.ReaperMenuSet",
      "label": "DF95 – Coloring",
      "script": "Scripts/IFLS/DF95/DF95_ColoringBus_Selector.lua",
      "icon_base": "coloring",
      "icon_file_dark": "Data/toolbar_icons/DF95_v2/dark/coloring.png"
    },
    {
      "menu_file": "Menus/DF95_MainToolbar_FlowErgo_Pro.ReaperMenuSet",
      "label": "DF95 – Master Bus",
      "script": "Scripts/IFLS/DF95/DF95_MasterBus_Selector.lua",
      "icon_base": "master",
      "icon_file_dark": "Data/toolbar_icons/DF95_v2/dark/master.png"
    },
    {
      "menu_file": "Menus/DF95_MainToolbar_FlowErgo_Pro.ReaperMenuSet",
      "label": "DF95 – Mic FX",
      "script": "Scripts/IFLS/DF95/Tools/DF95_MicFX_Profile_GUI.lua",
      "icon_base": "micfx",
      "icon_file_dark": "Data/toolbar_icons/DF95_v2/dark/micfx.png"
    },
    {
      "menu_file": "Menus/DF95_MainToolbar_FlowErgo_Pro.ReaperMenuSet",
      "label": "DF95 – FX Seed",
      "script": "Scripts/IFLS/DF95/DF95_FXBus_Seed.lua",
      "icon_base": "fx",
      "icon_file_dark": "Data/toolbar_icons/DF95_v2/dark/fx.png"
    },
    {
      "menu_file": "Menus/DF95_MainToolbar_FlowErgo_Pro.ReaperMenuSet",
      "label": "DF95 – Coloring Bus",
      "script": "Scripts/IFLS/DF95/Core/DF95_Menu_Coloring_Dropdown_v2b.lua",
      "icon_base": "coloring",
      "icon_file_dark": "Data/toolbar_icons/DF95_v2/dark/coloring.png"
    },
    {
      "menu_file": "Menus/DF95_MainToolbar_FlowErgo_Pro.ReaperMenuSet",
      "label": "DF95 – Coloring A/B (GainMatch)",
      "script": "Scripts/IFLS/DF95/DF95_GainMatch_AB.lua",
      "icon_base": "coloring",
      "icon_file_dark": "Data/toolbar_icons/DF95_v2/dark/coloring.png"
    },
    {
      "menu_file": "Menus/DF95_MainToolbar_FlowErgo_Pro.ReaperMenuSet",
      "label": "DF95 – Bias Neutral",
      "script": "Scripts/IFLS/DF95/Tools/DF95_BiasSnapshot_Neutral.lua",
      "icon_base": "bias",
      "icon_file_dark": "Data/toolbar_icons/DF95_v2/dark/bias.png"
    },
    {
      "menu_file": "Menus/DF95_MainToolbar_FlowErgo_Pro.ReaperMenuSet",
      "label": "DF95 – Bias IDM",
      "script": "Scripts/IFLS/DF95/Tools/DF95_BiasSnapshot_IDM.lua",
      "icon_base": "bias",
      "icon_file_dark": "Data/toolbar_icons/DF95_v2/dark/bias.png"
    },
    {
      "menu_file": "Menus/DF95_MainToolbar_FlowErgo_Pro.ReaperMenuSet",
      "label": "DF95 – Bias Glitch",
      "script": "Scripts/IFLS/DF95/Tools/DF95_BiasSnapshot_Glitch.lua",
      "icon_base": "bias",
      "icon_file_dark": "Data/toolbar_icons/DF95_v2/dark/bias.png"
    },
    {
      "menu_file": "Menus/DF95_MainToolbar_FlowErgo_Pro.ReaperMenuSet",
      "label": "DF95 – Bias BoC Warm",
      "script": "Scripts/IFLS/DF95/Tools/DF95_BiasSnapshot_BoC_Warm.lua",
      "icon_base": "bias",
      "icon_file_dark": "Data/toolbar_icons/DF95_v2/dark/bias.png"
    },
    {
      "menu_file": "Menus/DF95_MainToolbar_FlowErgo_Pro.ReaperMenuSet",
      "label": "DF95 – Slicing (Weighted)",
      "script": "Scripts/IFLS/DF95/Core/DF95_Slice_Menu_Weighted.lua",
      "icon_base": "slice_weight",
      "icon_file_dark": "Data/toolbar_icons/DF95_v2/dark/slice_weight.png"
    },
    {
      "menu_file": "Menus/DF95_MainToolbar_FlowErgo_Pro.ReaperMenuSet",
      "label": "DF95 – Rearrange / Align",
      "script": "Scripts/IFLS/DF95/DF95_Rearrange_Align.lua",
      "icon_base": "rearrange",
      "icon_file_dark": "Data/toolbar_icons/DF95_v2/dark/rearrange.png"
    },
    {
      "menu_file": "Menus/DF95_MainToolbar_FlowErgo_Pro.ReaperMenuSet",
      "label": "DF95 – Loop / Rhythm Builder",
      "script": "Scripts/IFLS/DF95/DF95_LoopBuilder.lua",
      "icon_base": "loop2",
      "icon_file_dark": "Data/toolbar_icons/DF95_v2/dark/loop2.png"
    },
    {
      "menu_file": "Menus/DF95_MainToolbar_FlowErgo_Pro.ReaperMenuSet",
      "label": "DF95 – MissingPlugin Reporter",
      "script": "Scripts/IFLS/DF95/Tools/DF95_MissingPlugin_Reporter.lua",
      "icon_base": "missingplugin",
      "icon_file_dark": "Data/toolbar_icons/DF95_v2/dark/missingplugin.png"
    },
    {
      "menu_file": "Menus/DF95_MainToolbar_FlowErgo_Pro.ReaperMenuSet",
      "label": "DF95 – MissingPlugin AutoPatch",
      "script": "Scripts/IFLS/DF95/Tools/DF95_MissingPlugin_AutoPatch.lua",
      "icon_base": "missingplugin",
      "icon_file_dark": "Data/toolbar_icons/DF95_v2/dark/missingplugin.png"
    },
    {
      "menu_file": "Menus/DF95_MainToolbar_FlowErgo_Pro.ReaperMenuSet",
      "label": "DF95 – META Bulk Wizard",
      "script": "Scripts/IFLS/DF95/Tools/DF95_META_Bulk_Wizard.lua",
      "icon_base": "meta",
      "icon_file_dark": "Data/toolbar_icons/DF95_v2/dark/meta.png"
    },
    {
      "menu_file": "Menus/DF95_MainToolbar_FlowErgo_Pro.ReaperMenuSet",
      "label": "DF95 – META Helper GUI",
      "script": "Scripts/IFLS/DF95/Tools/DF95_META_Helper_GUI.lua",
      "icon_base": "meta",
      "icon_file_dark": "Data/toolbar_icons/DF95_v2/dark/meta.png"
    },
    {
      "menu_file": "Menus/DF95_CoToolbar_FlowErgo_Pro.ReaperMenuSet",
      "label": "DF95 – Explode AutoBus",
      "script": "Scripts/IFLS/DF95/DF95_Explode_AutoBus.lua",
      "icon_base": "routing_explode",
      "icon_file_dark": "Data/toolbar_icons/DF95_v2/dark/routing_explode.png"
    },
    {
      "menu_file": "Menus/DF95_CoToolbar_FlowErgo_Pro.ReaperMenuSet",
      "label": "DF95 – Mic FX",
      "script": "Scripts/IFLS/DF95/Tools/DF95_MicFX_Profile_GUI.lua",
      "icon_base": "micfx",
      "icon_file_dark": "Data/toolbar_icons/DF95_v2/dark/micfx.png"
    },
    {
      "menu_file": "Menus/DF95_CoToolbar_FlowErgo_Pro.ReaperMenuSet",
      "label": "DF95 – FX Bus",
      "script": "Scripts/IFLS/DF95/DF95_FXBus_Selector.lua",
      "icon_base": "fxbus",
      "icon_file_dark": "Data/toolbar_icons/DF95_v2/dark/fxbus.png"
    },
    {
      "menu_file": "Menus/DF95_CoToolbar_FlowErgo_Pro.ReaperMenuSet",
      "label": "DF95 – FX Seed",
      "script": "Scripts/IFLS/DF95/DF95_FXBus_Seed.lua",
      "icon_base": "fx",
      "icon_file_dark": "Data/toolbar_icons/DF95_v2/dark/fx.png"
    },
    {
      "menu_file": "Menus/DF95_CoToolbar_FlowErgo_Pro.ReaperMenuSet",
      "label": "DF95 – Coloring Bus",
      "script": "Scripts/IFLS/DF95/DF95_Menu_Coloring_Dropdown.lua",
      "icon_base": "coloring",
      "icon_file_dark": "Data/toolbar_icons/DF95_v2/dark/coloring.png"
    },
    {
      "menu_file": "Menus/DF95_CoToolbar_FlowErgo_Pro.ReaperMenuSet",
      "label": "DF95 – GainMatch A/B",
      "script": "Scripts/IFLS/DF95/DF95_GainMatch_AB.lua",
      "icon_base": "gainmatch",
      "icon_file_dark": "Data/toolbar_icons/DF95_v2/dark/gainmatch.png"
    },
    {
      "menu_file": "Menus/DF95_CoToolbar_FlowErgo_Pro.ReaperMenuSet",
      "label": "DF95 – Master Bus",
      "script": "Scripts/IFLS/DF95/DF95_Menu_Master_Dropdown.lua",
      "icon_base": "master",
      "icon_file_dark": "Data/toolbar_icons/DF95_v2/dark/master.png"
    },
    {
      "menu_file": "Menus/DF95_CoToolbar_FlowErgo_Pro.ReaperMenuSet",
      "label": "DF95 – Slicing",
      "script": "Scripts/IFLS/DF95/Core/DF95_Slice_Menu_Weighted.lua",
      "icon_base": "slice",
      "icon_file_dark": "Data/toolbar_icons/DF95_v2/dark/slice.png"
    },
    {
      "menu_file": "Menus/DF95_CoToolbar_FlowErgo_Pro.ReaperMenuSet",
      "label": "DF95 – Rearrange / Align",
      "script": "Scripts/IFLS/DF95/DF95_Rearrange_Align.lua",
      "icon_base": "rearrange",
      "icon_file_dark": "Data/toolbar_icons/DF95_v2/dark/rearrange.png"
    },
    {
      "menu_file": "Menus/DF95_CoToolbar_FlowErgo_Pro.ReaperMenuSet",
      "label": "DF95 – Loop / Rhythm Builder",
      "script": "Scripts/IFLS/DF95/DF95_LoopBuilder.lua",
      "icon_base": "loop2",
      "icon_file_dark": "Data/toolbar_icons/DF95_v2/dark/loop2.png"
    },
    {
      "menu_file": "Menus/DF95_CoToolbar_FlowErgo_Pro.ReaperMenuSet",
      "label": "DF95 – LiveCheck",
      "script": "Scripts/IFLS/DF95/DF95_FirstRun_LiveCheck.lua",
      "icon_base": "livecheck",
      "icon_file_dark": "Data/toolbar_icons/DF95_v2/dark/livecheck.png"
    },
    {
      "menu_file": "Menus/DF95_CoToolbar_FlowErgo_Pro.ReaperMenuSet",
      "label": "DF95 – Safety / Loudness",
      "script": "Scripts/IFLS/DF95/DF95_Menu_SafetyQA_Dropdown.lua",
      "icon_base": "qa",
      "icon_file_dark": "Data/toolbar_icons/DF95_v2/dark/qa.png"
    },
    {
      "menu_file": "Menus/DF95_CoToolbar_FlowErgo_Pro.ReaperMenuSet",
      "label": "DF95 – Console Mode Switch",
      "script": "Scripts/IFLS/DF95/DF95_Console7_Toggle.lua",
      "icon_base": "console",
      "icon_file_dark": "Data/toolbar_icons/DF95_v2/dark/console.png"
    },
    {
      "menu_file": "Menus/DF95_CoToolbar_FlowErgo_Pro.ReaperMenuSet",
      "label": "DF95 – Validator",
      "script": "Scripts/IFLS/DF95/DF95_Validator_2_5.lua",
      "icon_base": "qa",
      "icon_file_dark": "Data/toolbar_icons/DF95_v2/dark/qa.png"
    },
    {
      "menu_file": "Menus/DF95_CoToolbar_FlowErgo_Pro.ReaperMenuSet",
      "label": "DF95 – Slicing Browser (ImGui)",
      "script": "Scripts/IFLS/DF95/Tools/DF95_Slicing_Browser_ImGui.lua",
      "icon_base": "slice",
      "icon_file_dark": "Data/toolbar_icons/DF95_v2/dark/slice.png"
    },
    {
      "menu_file": "Menus/DF95_CoToolbar_FlowErgo_Pro.ReaperMenuSet",
      "label": "DF95 – Slicing AutoPipeline",
      "script": "Scripts/IFLS/DF95/Tools/DF95_Slicing_AutoPipeline.lua",
      "icon_base": "slice",
      "icon_file_dark": "Data/toolbar_icons/DF95_v2/dark/slice.png"
    },
    {
      "menu_file": "Menus/DF95_CoToolbar.ReaperMenuSet",
      "label": "DF95 – MicFX ParamApply v3.6 (LiveAware)",
      "script": "Scripts/IFLS/DF95/DF95_MicFX_ParamApply_v3_6.lua",
      "icon_base": "micfx",
      "icon_file_dark": "Data/toolbar_icons/DF95_v2/dark/micfx.png"
    },
    {
      "menu_file": "Menus/DF95_CoToolbar.ReaperMenuSet",
      "label": "DF95 – SmartLUFS AutoLearn v3",
      "script": "Scripts/IFLS/DF95/DF95_SmartLUFS_AutoLearn_v3.lua",
      "icon_base": "lufs",
      "icon_file_dark": "Data/toolbar_icons/DF95_v2/dark/lufs.png"
    },
    {
      "menu_file": "Menus/DF95_CoToolbar.ReaperMenuSet",
      "label": "DF95 – ChainHardener v3 (Meta Export)",
      "script": "Scripts/IFLS/DF95/DF95_ChainHardener_v3.lua",
      "icon_base": "export_pack",
      "icon_file_dark": "Data/toolbar_icons/DF95_v2/dark/export_pack.png"
    },
    {
      "menu_file": "Menus/DF95_CoToolbar.ReaperMenuSet",
      "label": "DF95 – ChainRebuild (Import Meta)",
      "script": "Scripts/IFLS/DF95/DF95_ChainRebuild_FromMeta.lua",
      "icon_base": "meta",
      "icon_file_dark": "Data/toolbar_icons/DF95_v2/dark/meta.png"
    },
    {
      "menu_file": "Menus/DF95_CoToolbar.ReaperMenuSet",
      "label": "DF95 – AutoSmokeTest v1",
      "script": "Scripts/IFLS/DF95/DF95_AutoSmokeTest_v1.lua",
      "icon_base": "autosmoketest",
      "icon_file_dark": "Data/toolbar_icons/DF95_v2/dark/autosmoketest.png"
    },
    {
      "menu_file": "Menus/DF95_CoToolbar.ReaperMenuSet",
      "label": "DF95 – Strict Menu Linter",
      "script": "Scripts/IFLS/DF95/DF95_Menu_StrictLinter.lua",
      "icon_base": "strict",
      "icon_file_dark": "Data/toolbar_icons/DF95_v2/dark/strict.png"
    },
    {
      "menu_file": "Menus/DF95_CoToolbar.ReaperMenuSet",
      "label": "DF95 – Slicing SmokeTest v1",
      "script": "Scripts/IFLS/DF95/DF95_Slicing_SmokeTest_v1.lua",
      "icon_base": "slice",
      "icon_file_dark": "Data/toolbar_icons/DF95_v2/dark/slice.png"
    },
    {
      "menu_file": "Menus/DF95_CoToolbar.ReaperMenuSet",
      "label": "DF95 – Slicing FadeShape: Linear",
      "script": "Scripts/IFLS/DF95/DF95_Slicing_FadeShape_Set_Linear.lua",
      "icon_base": "slice",
      "icon_file_dark": "Data/toolbar_icons/DF95_v2/dark/slice.png"
    },
    {
      "menu_file": "Menus/DF95_CoToolbar.ReaperMenuSet",
      "label": "DF95 – Slicing FadeShape: Slow",
      "script": "Scripts/IFLS/DF95/DF95_Slicing_FadeShape_Set_Slow.lua",
      "icon_base": "slice",
      "icon_file_dark": "Data/toolbar_icons/DF95_v2/dark/slice.png"
    },
    {
      "menu_file": "Menus/DF95_CoToolbar.ReaperMenuSet",
      "label": "DF95 – Slicing FadeShape: Fast",
      "script": "Scripts/IFLS/DF95/DF95_Slicing_FadeShape_Set_Fast.lua",
      "icon_base": "slice",
      "icon_file_dark": "Data/toolbar_icons/DF95_v2/dark/slice.png"
    },
    {
      "menu_file": "Menus/DF95_CoToolbar.ReaperMenuSet",
      "label": "DF95 – Slicing Fade: Auto from Preset",
      "script": "Scripts/IFLS/DF95/DF95_Slicing_FadeShape_AutoFromPreset.lua",
      "icon_base": "slice",
      "icon_file_dark": "Data/toolbar_icons/DF95_v2/dark/slice.png"
    },
    {
      "menu_file": "Menus/DF95_CoToolbar.ReaperMenuSet",
      "label": "DF95 – Coloring ArtistBias Apply",
      "script": "Scripts/IFLS/DF95/DF95_Coloring_ArtistBias_Apply.lua",
      "icon_base": "coloring",
      "icon_file_dark": "Data/toolbar_icons/DF95_v2/dark/coloring.png"
    },
    {
      "menu_file": "Menus/DF95_CoToolbar.ReaperMenuSet",
      "label": "DF95 – Run Installer Hook (once)",
      "script": "Scripts/IFLS/DF95/DF95_Installer_Hook_RunOnce.lua",
      "icon_base": "run",
      "icon_file_dark": "Data/toolbar_icons/DF95_v2/dark/run.png"
    },
    {
      "menu_file": "Menus/DF95_CoToolbar.ReaperMenuSet",
      "label": "DF95 – Slicing Dropdown",
      "script": "Scripts/IFLS/DF95/DF95_Menu_Slicing_Dropdown.lua",
      "icon_base": "slice",
      "icon_file_dark": "Data/toolbar_icons/DF95_v2/dark/slice.png"
    },
    {
      "menu_file": "Menus/DF95_CoToolbar.ReaperMenuSet",
      "label": "DF95 – SmartLUFS AutoLearn (LUFS-I)",
      "script": "Scripts/IFLS/DF95/DF95_SmartLUFS_AutoLearn_LUFSI_v1.lua",
      "icon_base": "lufs",
      "icon_file_dark": "Data/toolbar_icons/DF95_v2/dark/lufs.png"
    },
    {
      "menu_file": "Menus/DF95_CoToolbar.ReaperMenuSet",
      "label": "DF95 – Slicing: Toggle Zero-Cross Respect",
      "script": "Scripts/IFLS/DF95/DF95_Slicing_Toggle_ZeroCross.lua",
      "icon_base": "slice",
      "icon_file_dark": "Data/toolbar_icons/DF95_v2/dark/slice.png"
    },
    {
      "menu_file": "Menus/DF95_CoToolbar.ReaperMenuSet",
      "label": "DF95 – Loudness: SWS Offline Analyze (Hook)",
      "script": "Scripts/IFLS/DF95/DF95_Loudness_SWS_Analyze_Hook.lua",
      "icon_base": "loudness",
      "icon_file_dark": "Data/toolbar_icons/DF95_v2/dark/loudness.png"
    },
    {
      "menu_file": "Menus/DF95_CoToolbar.ReaperMenuSet",
      "label": "DF95 – Coloring: Artist Menu",
      "script": "Scripts/IFLS/DF95/DF95_Menu_Coloring_Artist_Dropdown.lua",
      "icon_base": "coloring",
      "icon_file_dark": "Data/toolbar_icons/DF95_v2/dark/coloring.png"
    },
    {
      "menu_file": "Menus/DF95_CoToolbar.ReaperMenuSet",
      "label": "DF95 – Slicing: ZeroCross PostFix",
      "script": "Scripts/IFLS/DF95/DF95_Slicing_ZeroCross_PostFix.lua",
      "icon_base": "slice",
      "icon_file_dark": "Data/toolbar_icons/DF95_v2/dark/slice.png"
    },
    {
      "menu_file": "Menus/DF95_CoToolbar.ReaperMenuSet",
      "label": "DF95 – Diagnostics: Collect & Open",
      "script": "Scripts/IFLS/DF95/DF95_Diagnostics_RunAll.lua",
      "icon_base": "diagnostics",
      "icon_file_dark": "Data/toolbar_icons/DF95_v2/dark/diagnostics.png"
    },
    {
      "menu_file": "Menus/DF95_CoToolbar.ReaperMenuSet",
      "label": "DF95 – Humanize (Dropdown)",
      "script": "Scripts/IFLS/DF95/DF95_Menu_Humanize_Dropdown.lua",
      "icon_base": "humanize",
      "icon_file_dark": "Data/toolbar_icons/DF95_v2/dark/humanize.png"
    },
    {
      "menu_file": "Menus/DF95_CoToolbar.ReaperMenuSet",
      "label": "DF95 – Coloring (Chains Dropdown)",
      "script": "Scripts/IFLS/DF95/DF95_Menu_Coloring_Dropdown.lua",
      "icon_base": "coloring",
      "icon_file_dark": "Data/toolbar_icons/DF95_v2/dark/coloring.png"
    },
    {
      "menu_file": "Menus/DF95_CoToolbar.ReaperMenuSet",
      "label": "DF95 – First-Run Diagnostics (Run Once)",
      "script": "Scripts/IFLS/DF95/DF95_FirstRun_Diagnostics_RunOnce.lua",
      "icon_base": "firstrun",
      "icon_file_dark": "Data/toolbar_icons/DF95_v2/dark/firstrun.png"
    },
    {
      "menu_file": "Menus/DF95_CoToolbar.ReaperMenuSet",
      "label": "DF95 – Coloring (Artist Chains – Curated)",
      "script": "Scripts/IFLS/DF95/DF95_Menu_Coloring_Artist_Curated.lua",
      "icon_base": "coloring",
      "icon_file_dark": "Data/toolbar_icons/DF95_v2/dark/coloring.png"
    },
    {
      "menu_file": "Menus/DF95_CoToolbar.ReaperMenuSet",
      "label": "DF95 – Coloring (Load with Audition)",
      "script": "Scripts/IFLS/DF95/DF95_Coloring_Load_Audition.lua",
      "icon_base": "coloring",
      "icon_file_dark": "Data/toolbar_icons/DF95_v2/dark/coloring.png"
    },
    {
      "menu_file": "Menus/DF95_CoToolbar.ReaperMenuSet",
      "label": "DF95 – Coloring (Load with LUFS Audition)",
      "script": "Scripts/IFLS/DF95/DF95_Coloring_Load_Audition_LUFS.lua",
      "icon_base": "coloring",
      "icon_file_dark": "Data/toolbar_icons/DF95_v2/dark/coloring.png"
    },
    {
      "menu_file": "Menus/DF95_CoToolbar_Context.ReaperMenuSet",
      "label": "DF95 – Slicing",
      "script": "Scripts/IFLS/DF95/Design/DF95_Slice_Menu.lua",
      "icon_base": "slice",
      "icon_file_dark": "Data/toolbar_icons/DF95_v2/dark/slice.png"
    },
    {
      "menu_file": "Menus/DF95_CoToolbar_Context.ReaperMenuSet",
      "label": "DF95 – Humanize (Dropdown)",
      "script": "Scripts/IFLS/DF95/Design/DF95_Menu_Humanize_Dropdown.lua",
      "icon_base": "humanize",
      "icon_file_dark": "Data/toolbar_icons/DF95_v2/dark/humanize.png"
    },
    {
      "menu_file": "Menus/DF95_CoToolbar_Context.ReaperMenuSet",
      "label": "DF95 – FX Seed (Randomize)",
      "script": "Scripts/IFLS/DF95/Design/DF95_FXBus_Seed.lua",
      "icon_base": "fx",
      "icon_file_dark": "Data/toolbar_icons/DF95_v2/dark/fx.png"
    },
    {
      "menu_file": "Menus/DF95_CoToolbar_Context.ReaperMenuSet",
      "label": "DF95 – Loop / Rhythm Builder",
      "script": "Scripts/IFLS/DF95/Design/DF95_LoopBuilder.lua",
      "icon_base": "loop2",
      "icon_file_dark": "Data/toolbar_icons/DF95_v2/dark/loop2.png"
    },
    {
      "menu_file": "Menus/DF95_MicToolbar_Input.ReaperMenuSet",
      "label": "DF95 – Mic FX",
      "script": "Scripts/IFLS/DF95/Input/DF95_MicFX_Manager.lua",
      "icon_base": "micfx",
      "icon_file_dark": "Data/toolbar_icons/DF95_v2/dark/micfx.png"
    },
    {
      "menu_file": "Menus/DF95_MicToolbar_Input.ReaperMenuSet",
      "label": "DF95 – GainMatch A/B",
      "script": "Scripts/IFLS/DF95/Input/DF95_GainMatch_AB.lua",
      "icon_base": "gainmatch",
      "icon_file_dark": "Data/toolbar_icons/DF95_v2/dark/gainmatch.png"
    },
    {
      "menu_file": "Menus/DF95_MicToolbar_Input.ReaperMenuSet",
      "label": "DF95 – LUFS Meter / AutoTarget",
      "script": "Scripts/IFLS/DF95/Input/DF95_LUFS_AutoTarget.lua",
      "icon_base": "lufs",
      "icon_file_dark": "Data/toolbar_icons/DF95_v2/dark/lufs.png"
    },
    {
      "menu_file": "Menus/DF95_EditToolbar_Arrange.ReaperMenuSet",
      "label": "DF95 – Slice (Direct)",
      "script": "Scripts/IFLS/DF95/Edit/DF95_Slice_Direct.lua",
      "icon_base": "slice",
      "icon_file_dark": "Data/toolbar_icons/DF95_v2/dark/slice.png"
    },
    {
      "menu_file": "Menus/DF95_EditToolbar_Arrange.ReaperMenuSet",
      "label": "DF95 – Align / Rearrange",
      "script": "Scripts/IFLS/DF95/Edit/DF95_Rearrange_Align.lua",
      "icon_base": "rearrange",
      "icon_file_dark": "Data/toolbar_icons/DF95_v2/dark/rearrange.png"
    },
    {
      "menu_file": "Menus/DF95_EditToolbar_Arrange.ReaperMenuSet",
      "label": "DF95 – Fades & Timing Helper",
      "script": "Scripts/IFLS/DF95/Edit/DF95_Fades_Timing_Helper.lua",
      "icon_base": "fades",
      "icon_file_dark": "Data/toolbar_icons/DF95_v2/dark/fades.png"
    },
    {
      "menu_file": "Menus/DF95_QA_Toolbar_Safety.ReaperMenuSet",
      "label": "DF95 – Validator 2.0",
      "script": "Scripts/IFLS/DF95/QA/DF95_Validator_2_0.lua",
      "icon_base": "qa",
      "icon_file_dark": "Data/toolbar_icons/DF95_v2/dark/qa.png"
    },
    {
      "menu_file": "Menus/DF95_QA_Toolbar_Safety.ReaperMenuSet",
      "label": "DF95 – Safety / Loudness",
      "script": "Scripts/IFLS/DF95/QA/DF95_Safety_Loudness_Menu.lua",
      "icon_base": "qa",
      "icon_file_dark": "Data/toolbar_icons/DF95_v2/dark/qa.png"
    },
    {
      "menu_file": "Menus/DF95_QA_Toolbar_Safety.ReaperMenuSet",
      "label": "DF95 – LiveCheck",
      "script": "Scripts/IFLS/DF95/QA/DF95_FirstRun_LiveCheck.lua",
      "icon_base": "livecheck",
      "icon_file_dark": "Data/toolbar_icons/DF95_v2/dark/livecheck.png"
    },
    {
      "menu_file": "Menus/DF95_QA_Toolbar_Safety.ReaperMenuSet",
      "label": "DF95 – Master Snapshot",
      "script": "Scripts/IFLS/DF95/QA/DF95_Master_Snapshot.lua",
      "icon_base": "master",
      "icon_file_dark": "Data/toolbar_icons/DF95_v2/dark/master.png"
    },
    {
      "menu_file": "Menus/DF95_Toolbar_BiasTools.ReaperMenuSet",
      "label": "DF95 – Bias Neutral",
      "script": "Scripts/IFLS/DF95/Tools/DF95_BiasSnapshot_Neutral.lua",
      "icon_base": "bias",
      "icon_file_dark": "Data/toolbar_icons/DF95_v2/dark/bias.png"
    },
    {
      "menu_file": "Menus/DF95_Toolbar_BiasTools.ReaperMenuSet",
      "label": "DF95 – Bias IDM",
      "script": "Scripts/IFLS/DF95/Tools/DF95_BiasSnapshot_IDM.lua",
      "icon_base": "bias",
      "icon_file_dark": "Data/toolbar_icons/DF95_v2/dark/bias.png"
    },
    {
      "menu_file": "Menus/DF95_Toolbar_BiasTools.ReaperMenuSet",
      "label": "DF95 – Bias Glitch",
      "script": "Scripts/IFLS/DF95/Tools/DF95_BiasSnapshot_Glitch.lua",
      "icon_base": "bias",
      "icon_file_dark": "Data/toolbar_icons/DF95_v2/dark/bias.png"
    },
    {
      "menu_file": "Menus/DF95_Toolbar_BiasTools.ReaperMenuSet",
      "label": "DF95 – Bias BoC Warm",
      "script": "Scripts/IFLS/DF95/Tools/DF95_BiasSnapshot_BoC_Warm.lua",
      "icon_base": "bias",
      "icon_file_dark": "Data/toolbar_icons/DF95_v2/dark/bias.png"
    },
    {
      "menu_file": "Menus/DF95_Toolbar_BiasTools.ReaperMenuSet",
      "label": "DF95 – MissingPlugin Reporter",
      "script": "Scripts/IFLS/DF95/Tools/DF95_MissingPlugin_Reporter.lua",
      "icon_base": "missingplugin",
      "icon_file_dark": "Data/toolbar_icons/DF95_v2/dark/missingplugin.png"
    },
    {
      "menu_file": "Menus/DF95_Toolbar_BiasTools.ReaperMenuSet",
      "label": "DF95 – MissingPlugin AutoPatch",
      "script": "Scripts/IFLS/DF95/Tools/DF95_MissingPlugin_AutoPatch.lua",
      "icon_base": "missingplugin",
      "icon_file_dark": "Data/toolbar_icons/DF95_v2/dark/missingplugin.png"
    },
    {
      "menu_file": "Menus/DF95_Toolbar_BiasTools.ReaperMenuSet",
      "label": "DF95 – META Bulk Wizard",
      "script": "Scripts/IFLS/DF95/Tools/DF95_META_Bulk_Wizard.lua",
      "icon_base": "meta",
      "icon_file_dark": "Data/toolbar_icons/DF95_v2/dark/meta.png"
    },
    {
      "menu_file": "Menus/DF95_Toolbar_BiasTools.ReaperMenuSet",
      "label": "DF95 – META Helper GUI",
      "script": "Scripts/IFLS/DF95/Tools/DF95_META_Helper_GUI.lua",
      "icon_base": "meta",
      "icon_file_dark": "Data/toolbar_icons/DF95_v2/dark/meta.png"
    },
    {
      "menu_file": "Menus/DF95_Toolbar_BiasTools.ReaperMenuSet",
      "label": "DF95 – Slice Menu (Weighted)",
      "script": "Scripts/IFLS/DF95/Core/DF95_Slice_Menu_Weighted.lua",
      "icon_base": "slice_weight",
      "icon_file_dark": "Data/toolbar_icons/DF95_v2/dark/slice_weight.png"
    },
    {
      "menu_file": "Menus/DF95_Toolbar_BiasTools.ReaperMenuSet",
      "label": "DF95 – Set Clamp ±1.0 LUFS",
      "script": "Scripts/IFLS/DF95/Core/DF95_SetClamp_LUFS_1_0.lua",
      "icon_base": "lufs",
      "icon_file_dark": "Data/toolbar_icons/DF95_v2/dark/lufs.png"
    },
    {
      "menu_file": "Menus/DF95_Toolbar_BiasTools.ReaperMenuSet",
      "label": "DF95 – Set Clamp ±1.3 LUFS",
      "script": "Scripts/IFLS/DF95/Core/DF95_SetClamp_LUFS_1_3.lua",
      "icon_base": "lufs",
      "icon_file_dark": "Data/toolbar_icons/DF95_v2/dark/lufs.png"
    },
    {
      "menu_file": "Menus/DF95_Toolbar_BiasTools.ReaperMenuSet",
      "label": "DF95 – Set Clamp ±2.0 LUFS",
      "script": "Scripts/IFLS/DF95/Core/DF95_SetClamp_LUFS_2_0.lua",
      "icon_base": "lufs",
      "icon_file_dark": "Data/toolbar_icons/DF95_v2/dark/lufs.png"
    },
    {
      "menu_file": "Menus/DF95_Toolbar_BiasTools.ReaperMenuSet",
      "label": "DF95 – Toggle SWS LUFS",
      "script": "Scripts/IFLS/DF95/Core/DF95_Toggle_SWS_LUFS.lua",
      "icon_base": "lufs",
      "icon_file_dark": "Data/toolbar_icons/DF95_v2/dark/lufs.png"
    },
    {
      "menu_file": "Menus/DF95_Toolbar_BiasTools.ReaperMenuSet",
      "label": "DF95 – LUFS Auto-Gain (from SWS)",
      "script": "Scripts/IFLS/DF95/Core/DF95_LUFS_AutoGain_FromSWS.lua",
      "icon_base": "lufs",
      "icon_file_dark": "Data/toolbar_icons/DF95_v2/dark/lufs.png"
    },
    {
      "menu_file": "Menus/DF95_Toolbar_BiasTools.ReaperMenuSet",
      "label": "DF95 – LUFS Auto-Gain (from SWS CSV)",
      "script": "Scripts/IFLS/DF95/Core/DF95_LUFS_AutoGain_FromSWS_CSV.lua",
      "icon_base": "lufs",
      "icon_file_dark": "Data/toolbar_icons/DF95_v2/dark/lufs.png"
    },
    {
      "menu_file": "Menus/DF95_CoToolbar_EditCreative.ReaperMenuSet",
      "label": "DF95 – Slicing (Dropdown)",
      "script": "Scripts/IFLS/DF95/DF95_Slice_Menu.lua",
      "icon_base": "slice",
      "icon_file_dark": "Data/toolbar_icons/DF95_v2/dark/slice.png"
    },
    {
      "menu_file": "Menus/DF95_CoToolbar_EditCreative.ReaperMenuSet",
      "label": "DF95 – Humanize (Dropdown)",
      "script": "Scripts/IFLS/DF95/DF95_Menu_Humanize_Dropdown.lua",
      "icon_base": "humanize",
      "icon_file_dark": "Data/toolbar_icons/DF95_v2/dark/humanize.png"
    },
    {
      "menu_file": "Menus/DF95_CoToolbar_EditCreative.ReaperMenuSet",
      "label": "DF95 – FX Seed",
      "script": "Scripts/IFLS/DF95/DF95_FXBus_Seed.lua",
      "icon_base": "fx",
      "icon_file_dark": "Data/toolbar_icons/DF95_v2/dark/fx.png"
    },
    {
      "menu_file": "Menus/DF95_CoToolbar_EditCreative.ReaperMenuSet",
      "label": "DF95 – Loop / Rhythm Builder",
      "script": "Scripts/IFLS/DF95/DF95_LoopBuilder.lua",
      "icon_base": "loop2",
      "icon_file_dark": "Data/toolbar_icons/DF95_v2/dark/loop2.png"
    },
    {
      "menu_file": "Menus/DF95_CoToolbar_EditCreative.ReaperMenuSet",
      "label": "DF95 – Rearrange / Align",
      "script": "Scripts/IFLS/DF95/DF95_Rearrange_Align.lua",
      "icon_base": "rearrange",
      "icon_file_dark": "Data/toolbar_icons/DF95_v2/dark/rearrange.png"
    },
    {
      "menu_file": "Menus/DF95_Toolbar_ColorMaster_Audition_SWS.ReaperMenuSet",
      "label": "DF95 – Coloring (Dropdown)",
      "script": "Scripts/IFLS/DF95/Tools/DF95_Menu_Coloring_Dropdown.lua",
      "icon_base": "coloring",
      "icon_file_dark": "Data/toolbar_icons/DF95_v2/dark/coloring.png"
    },
    {
      "menu_file": "Menus/DF95_Toolbar_ColorMaster_Audition_SWS.ReaperMenuSet",
      "label": "DF95 – Master (Dropdown)",
      "script": "Scripts/IFLS/DF95/Tools/DF95_Menu_Master_Dropdown.lua",
      "icon_base": "master",
      "icon_file_dark": "Data/toolbar_icons/DF95_v2/dark/master.png"
    },
    {
      "menu_file": "Menus/DF95_Toolbar_ColorMaster_Audition_SWS.ReaperMenuSet",
      "label": "DF95 – FXBus Audition",
      "script": "Scripts/IFLS/DF95/Tools/DF95_FXBus_Audition_v1.lua",
      "icon_base": "fxbus",
      "icon_file_dark": "Data/toolbar_icons/DF95_v2/dark/fxbus.png"
    },
    {
      "menu_file": "Menus/DF95_Toolbar_ColorMaster_Audition_SWS.ReaperMenuSet",
      "label": "DF95 – Coloring Audition",
      "script": "Scripts/IFLS/DF95/Tools/DF95_Coloring_Audition_v1.lua",
      "icon_base": "coloring",
      "icon_file_dark": "Data/toolbar_icons/DF95_v2/dark/coloring.png"
    },
    {
      "menu_file": "Menus/DF95_Toolbar_ColorMaster_Audition_SWS.ReaperMenuSet",
      "label": "DF95 – Master Audition",
      "script": "Scripts/IFLS/DF95/Tools/DF95_Master_Audition_v1.lua",
      "icon_base": "master",
      "icon_file_dark": "Data/toolbar_icons/DF95_v2/dark/master.png"
    },
    {
      "menu_file": "Menus/DF95_Toolbar_ColorMaster_Audition_SWS.ReaperMenuSet",
      "label": "DF95 – SWS LUFS Hook",
      "script": "Scripts/IFLS/DF95/Tools/DF95_SWS_LUFS_Hook.lua",
      "icon_base": "lufs",
      "icon_file_dark": "Data/toolbar_icons/DF95_v2/dark/lufs.png"
    },
    {
      "menu_file": "Menus/DF95_Toolbar_QA_Audition.ReaperMenuSet",
      "label": "DF95 – FXBus Audition",
      "script": "Scripts/IFLS/DF95/Tools/DF95_FXBus_Audition_v1.lua",
      "icon_base": "fxbus",
      "icon_file_dark": "Data/toolbar_icons/DF95_v2/dark/fxbus.png"
    },
    {
      "menu_file": "Menus/DF95_Toolbar_QA_Audition.ReaperMenuSet",
      "label": "DF95 – Coloring Audition",
      "script": "Scripts/IFLS/DF95/Tools/DF95_Coloring_Audition_v1.lua",
      "icon_base": "coloring",
      "icon_file_dark": "Data/toolbar_icons/DF95_v2/dark/coloring.png"
    },
    {
      "menu_file": "Menus/DF95_Toolbar_QA_Audition.ReaperMenuSet",
      "label": "DF95 – Master Audition",
      "script": "Scripts/IFLS/DF95/Tools/DF95_Master_Audition_v1.lua",
      "icon_base": "master",
      "icon_file_dark": "Data/toolbar_icons/DF95_v2/dark/master.png"
    },
    {
      "menu_file": "Menus/DF95_MainToolbar_FlowErgo.ReaperMenuSet",
      "label": "DF95 – Explode AutoBus",
      "script": "Scripts/IFLS/DF95/DF95_Explode_AutoBus.lua",
      "icon_base": "routing_explode",
      "icon_file_dark": "Data/toolbar_icons/DF95_v2/dark/routing_explode.png"
    },
    {
      "menu_file": "Menus/DF95_MainToolbar_FlowErgo.ReaperMenuSet",
      "label": "DF95 – Mic FX",
      "script": "Scripts/IFLS/DF95/DF95_MicFX_Manager.lua",
      "icon_base": "micfx",
      "icon_file_dark": "Data/toolbar_icons/DF95_v2/dark/micfx.png"
    },
    {
      "menu_file": "Menus/DF95_MainToolbar_FlowErgo.ReaperMenuSet",
      "label": "DF95 – FX Bus (Dropdown)",
      "script": "Scripts/IFLS/DF95/Tools/DF95_Menu_FXBus_Dropdown.lua",
      "icon_base": "fxbus",
      "icon_file_dark": "Data/toolbar_icons/DF95_v2/dark/fxbus.png"
    },
    {
      "menu_file": "Menus/DF95_MainToolbar_FlowErgo.ReaperMenuSet",
      "label": "DF95 – FX Seed",
      "script": "Scripts/IFLS/DF95/DF95_FXBus_Seed.lua",
      "icon_base": "fx",
      "icon_file_dark": "Data/toolbar_icons/DF95_v2/dark/fx.png"
    },
    {
      "menu_file": "Menus/DF95_MainToolbar_FlowErgo.ReaperMenuSet",
      "label": "DF95 – Coloring (Dropdown)",
      "script": "Scripts/IFLS/DF95/Tools/DF95_Menu_Coloring_Dropdown.lua",
      "icon_base": "coloring",
      "icon_file_dark": "Data/toolbar_icons/DF95_v2/dark/coloring.png"
    },
    {
      "menu_file": "Menus/DF95_MainToolbar_FlowErgo.ReaperMenuSet",
      "label": "DF95 – Coloring A/B (GainMatch)",
      "script": "Scripts/IFLS/DF95/DF95_GainMatch_AB.lua",
      "icon_base": "coloring",
      "icon_file_dark": "Data/toolbar_icons/DF95_v2/dark/coloring.png"
    },
    {
      "menu_file": "Menus/DF95_MainToolbar_FlowErgo.ReaperMenuSet",
      "label": "DF95 – Master (Dropdown)",
      "script": "Scripts/IFLS/DF95/Tools/DF95_Menu_Master_Dropdown.lua",
      "icon_base": "master",
      "icon_file_dark": "Data/toolbar_icons/DF95_v2/dark/master.png"
    },
    {
      "menu_file": "Menus/DF95_Toolbar_FXBus_Variants.ReaperMenuSet",
      "label": "DF95 – Seed-Lock Toggle",
      "script": "Scripts/IFLS/DF95/Tools/DF95_SeedLock_Toggle.lua",
      "icon_base": "seedlock",
      "icon_file_dark": "Data/toolbar_icons/DF95_v2/dark/seedlock.png"
    },
    {
      "menu_file": "Menus/DF95_Toolbar_FXBus_Variants.ReaperMenuSet",
      "label": "DF95 – Micro GainMatch ±0.5 dB",
      "script": "Scripts/IFLS/DF95/Tools/DF95_MicroGainMatch_Trim.lua",
      "icon_base": "micro",
      "icon_file_dark": "Data/toolbar_icons/DF95_v2/dark/micro.png"
    },
    {
      "menu_file": "Menus/DF95_MainToolbar_FlowErgo_Hub.ReaperMenuSet",
      "label": "DF95 – Bus & Routing Hub",
      "script": "Scripts/IFLS/DF95/DF95_Menu_BusRouting_Hub.lua",
      "icon_base": "hub",
      "icon_file_dark": "Data/toolbar_icons/DF95_v2/dark/hub.png"
    },
    {
      "menu_file": "Menus/DF95_MainToolbar_FlowErgo_Hub.ReaperMenuSet",
      "label": "DF95 – Coloring & Audition Hub",
      "script": "Scripts/IFLS/DF95/DF95_Menu_ColoringAudition_Hub.lua",
      "icon_base": "coloring",
      "icon_file_dark": "Data/toolbar_icons/DF95_v2/dark/coloring.png"
    },
    {
      "menu_file": "Menus/DF95_MainToolbar_FlowErgo_Hub.ReaperMenuSet",
      "label": "DF95 – Bias & Humanize Hub",
      "script": "Scripts/IFLS/DF95/DF95_Menu_BiasHumanize_Hub.lua",
      "icon_base": "bias",
      "icon_file_dark": "Data/toolbar_icons/DF95_v2/dark/bias.png"
    },
    {
      "menu_file": "Menus/DF95_MainToolbar_FlowErgo_Hub.ReaperMenuSet",
      "label": "DF95 – Slicing & Edit Hub",
      "script": "Scripts/IFLS/DF95/DF95_Menu_SlicingEdit_Hub.lua",
      "icon_base": "slice",
      "icon_file_dark": "Data/toolbar_icons/DF95_v2/dark/slice.png"
    },
    {
      "menu_file": "Menus/DF95_MainToolbar_FlowErgo_Hub.ReaperMenuSet",
      "label": "DF95 – Input & LUFS Hub",
      "script": "Scripts/IFLS/DF95/DF95_Menu_InputLUFS_Hub.lua",
      "icon_base": "lufs",
      "icon_file_dark": "Data/toolbar_icons/DF95_v2/dark/lufs.png"
    },
    {
      "menu_file": "Menus/DF95_MainToolbar_FlowErgo_Hub.ReaperMenuSet",
      "label": "DF95 – QA & Safety Hub",
      "script": "Scripts/IFLS/DF95/DF95_Menu_QASafety_Hub.lua",
      "icon_base": "qa",
      "icon_file_dark": "Data/toolbar_icons/DF95_v2/dark/qa.png"
    },
    {
      "menu_file": "Menus/Legacy_46c/DF95_MainToolbar.ReaperMenuSet",
      "label": "DF95 – Explode (Auto Buses)",
      "script": "Scripts/IFLS/DF95/DF95_Explode_AutoBus.lua",
      "icon_base": "routing_explode",
      "icon_file_dark": "Data/toolbar_icons/DF95_v2/dark/routing_explode.png"
    },
    {
      "menu_file": "Menus/Legacy_46c/DF95_MainToolbar.ReaperMenuSet",
      "label": "DF95 – Mic FX",
      "script": "Scripts/IFLS/DF95/Tools/DF95_MicFX_Profile_GUI.lua",
      "icon_base": "micfx",
      "icon_file_dark": "Data/toolbar_icons/DF95_v2/dark/micfx.png"
    },
    {
      "menu_file": "Menus/Legacy_46c/DF95_MainToolbar.ReaperMenuSet",
      "label": "DF95 – FX Bus (IDM/Artist)",
      "script": "Scripts/IFLS/DF95/DF95_FXBus_Selector.lua",
      "icon_base": "fxbus",
      "icon_file_dark": "Data/toolbar_icons/DF95_v2/dark/fxbus.png"
    },
    {
      "menu_file": "Menus/Legacy_46c/DF95_MainToolbar.ReaperMenuSet",
      "label": "DF95 – FX Seed (FX Bus)",
      "script": "Scripts/IFLS/DF95/DF95_FXBus_Seed.lua",
      "icon_base": "fxbus",
      "icon_file_dark": "Data/toolbar_icons/DF95_v2/dark/fxbus.png"
    },
    {
      "menu_file": "Menus/Legacy_46c/DF95_MainToolbar.ReaperMenuSet",
      "label": "DF95 – Coloring Bus",
      "script": "Scripts/IFLS/DF95/DF95_ColoringBus_Selector.lua",
      "icon_base": "coloring",
      "icon_file_dark": "Data/toolbar_icons/DF95_v2/dark/coloring.png"
    },
    {
      "menu_file": "Menus/Legacy_46c/DF95_MainToolbar.ReaperMenuSet",
      "label": "DF95 – Master Bus (Stock & Extended)",
      "script": "Scripts/IFLS/DF95/DF95_MasterBus_Selector.lua",
      "icon_base": "master",
      "icon_file_dark": "Data/toolbar_icons/DF95_v2/dark/master.png"
    },
    {
      "menu_file": "Menus/Legacy_46c/DF95_MainToolbar.ReaperMenuSet",
      "label": "DF95 – Slicing Master (v4)",
      "script": "Scripts/IFLS/DF95/Core/DF95_Slice_Menu_Weighted.lua",
      "icon_base": "slice",
      "icon_file_dark": "Data/toolbar_icons/DF95_v2/dark/slice.png"
    },
    {
      "menu_file": "Menus/Legacy_46c/DF95_MainToolbar.ReaperMenuSet",
      "label": "DF95 – Rearrange Align",
      "script": "Scripts/IFLS/DF95/DF95_Rearrange_Align.lua",
      "icon_base": "rearrange",
      "icon_file_dark": "Data/toolbar_icons/DF95_v2/dark/rearrange.png"
    },
    {
      "menu_file": "Menus/Legacy_46c/DF95_MainToolbar.ReaperMenuSet",
      "label": "DF95 – LoopBuilder",
      "script": "Scripts/IFLS/DF95/DF95_LoopBuilder.lua",
      "icon_base": "loop2",
      "icon_file_dark": "Data/toolbar_icons/DF95_v2/dark/loop2.png"
    },
    {
      "menu_file": "Menus/Legacy_46c/DF95_MainToolbar.ReaperMenuSet",
      "label": "DF95 – Loudness (ReaLimit Clean TP)",
      "script": "Scripts/IFLS/DF95/DF95_Safety_Loudness_Menu.lua",
      "icon_base": "loudness",
      "icon_file_dark": "Data/toolbar_icons/DF95_v2/dark/loudness.png"
    },
    {
      "menu_file": "Menus/Legacy_46c/DF95_MainToolbar.ReaperMenuSet",
      "label": "DF95 – Post-Install Validator",
      "script": "Scripts/IFLS/DF95/DF95_PostInstall_Validator.lua",
      "icon_base": "qa",
      "icon_file_dark": "Data/toolbar_icons/DF95_v2/dark/qa.png"
    },
    {
      "menu_file": "Menus/Legacy_46c/DF95_MainToolbar.ReaperMenuSet",
      "label": "DF95 – GainMatch A/B",
      "script": "Scripts/IFLS/DF95/DF95_GainMatch_AB.lua",
      "icon_base": "gainmatch",
      "icon_file_dark": "Data/toolbar_icons/DF95_v2/dark/gainmatch.png"
    },
    {
      "menu_file": "Menus/Legacy_46c/DF95_MainToolbar.ReaperMenuSet",
      "label": "DF95 – Airwindows CPU-Light",
      "script": "Scripts/IFLS/DF95/DF95_ColoringBus_Selector.lua",
      "icon_base": "airwindows",
      "icon_file_dark": "Data/toolbar_icons/DF95_v2/dark/airwindows.png"
    },
    {
      "menu_file": "Menus/Legacy_46c/DF95_MainToolbar.ReaperMenuSet",
      "label": "DF95 – Airwindows Rich",
      "script": "Scripts/IFLS/DF95/DF95_ColoringBus_Selector.lua",
      "icon_base": "airwindows",
      "icon_file_dark": "Data/toolbar_icons/DF95_v2/dark/airwindows.png"
    },
    {
      "menu_file": "Menus/Legacy_46c/DF95_MainToolbar.ReaperMenuSet",
      "label": "DF95 – LiveCheck",
      "script": "Scripts/IFLS/DF95/DF95_FirstRun_LiveCheck.lua",
      "icon_base": "livecheck",
      "icon_file_dark": "Data/toolbar_icons/DF95_v2/dark/livecheck.png"
    }
  ]
}